title,price,rating,reviews,availability
Sony PlayStation®5 Digital Edition (slim) Console Video Game,,4.6 out of 5 stars,324 ratings,In stock
Sony PlayStation5 Gaming Console (Slim),,4.4 out of 5 stars,358 ratings,In stock
Sony PS5® Console Video Game Disc - Fortnite Bundle (Slim),,4.5 out of 5 stars,46 ratings,In stock
Sony DualSense Wireless Controller White (PlayStation 5),,4.2 out of 5 stars,"3,947 ratings",In stock
Sony PS5® Console Video Game Digital - Fortnite Bundle (Slim),,4.4 out of 5 stars,60 ratings,In stock
Sony DualSense Wireless Controller Red (PlayStation 5),,4.4 out of 5 stars,812 ratings,In stock
Take 2 Interactive Grand Theft Auto 5 (PS5),,4.9 out of 5 stars,26 ratings,In stock
Sony PlayStation Portal Remote Player 5,,4.3 out of 5 stars,"3,289 ratings",In stock
"Big Ant Studios Cricket 24, Standard Edition, Playstation 5",,3.8 out of 5 stars,218 ratings,In stock
U&I Entertainment Minecraft | Standard Edition | PlayStation 5,,4.3 out of 5 stars,9 ratings,In stock
"NextTech All New X7 Handheld Game Console (2025): 1000+ PSP Games, Endless Entertainment, and Nostalgic Memories in Sleek X7 Elegant Blue! Grab Yours Now",,3.0 out of 5 stars,3 ratings,In stock
ThrustMaster T80 Ferrari 488 GTB Edition Racing Wheel for PS5 / PS4 / PC - Officially Licensed by Ferrari,,3.8 out of 5 stars,"2,860 ratings",In stock
Electronic Arts EA Sports FC 25 | Standard Edition | PlayStation 5,,4.2 out of 5 stars,82 ratings,Only 1 left in stock.
WB Games Hogwarts Legacy | Standard Edition| Playstation 5 (Ps5),,4.4 out of 5 stars,271 ratings,In stock
Ubisoft Ubi Soft Far Cry 6 | Standard Edition | Playstation 5 (Ps5),,4.2 out of 5 stars,211 ratings,In stock
"EJGAME PS5 / PS5 Slim Stand and Cooling Station with RGB LED Controller Charging Station for PlayStation 5 Console, PS5 Portal Charging Dock, PS5 / PS5 Slim Accessories with 3 Level Cooling Fan",,4.1 out of 5 stars,77 ratings,In stock
"Sony Dualsense Usb Type A Charging Station For Playstation (Playstation5),Multicolor",,4.5 out of 5 stars,703 ratings,In stock
Cranique Waterproof Dust cover for PS5 Gaming Console Digital Edition & Disc Edition Playstation 5 (Black),,4.3 out of 5 stars,115 ratings,In stock
NextTech X7 Handheld Game Console: Experience 1000+ PSP Games and MP4 Player Fun with 8GB Memory! Multicolor,,3.6 out of 5 stars,9 ratings,In stock
HyperX Cloud Stinger 2 Core Gaming Headset for PlayStation - White (6H9B5AA),,3.8 out of 5 stars,"1,531 ratings",
Minecraft Java & Bedrock Edition,,Previous page,,In stock
INR 2500 Steam Wallet Code (Code Only - Smart Delivery) [video game],,3.9 out of 5 stars,14 ratings,In stock
